policy_id,age
P45001,39.3
P45002,38.1
P45003,37.0
P45004,36.3
P45005,40.3
P45006,35.7
P45007,37.6
P45008,34.4
P45009,36.6
P45010,36.4
P45011,41.1
P45012,39.7
P45013,38.6
P45014,39.7
P45015,38.6
P45016,41.6
P45017,40.8
P45018,33.7
P45019,39.7
P45020,40.6
P45021,40.6
P45022,40.3
P45023,35.6
P45024,37.9
P45025,38.0
P45026,32.5
P45027,35.6
P45028,37.4
P45029,37.5
P45030,34.8
P45031,39.6
P45032,36.4
P45033,34.3
P45034,38.9
P45035,39.4
P45036,38.6
P45037,39.7
P45038,36.0
P45039,36.5
P45040,40.7
P45041,38.1
P45042,39.4
P45043,37.3
P45044,37.0
P45045,38.4
P45046,36.8
P45047,34.6
P45048,40.6
P45049,34.8
P45050,35.9
P45051,39.7
P45052,37.6
P45053,35.8
P45054,42.2
P45055,36.2
P45056,34.2
P45057,36.9
P45058,35.8
P45059,34.8
P45060,41.2
P45061,40.2
P45062,33.5
P45063,34.6
P45064,32.3
P45065,35.4
P45066,38.1
P45067,34.1
P45068,36.5
P45069,38.1
P45070,39.4
P45071,38.2
P45072,39.6
P45073,39.7
P45074,34.5
P45075,38.7
P45076,39.5
P45077,37.5
P45078,33.0
P45079,39.8
P45080,41.3
P45081,41.5
P45082,40.8
P45083,38.2
P45084,34.4
P45085,36.2
P45086,37.9
P45087,37.5
P45088,40.8
P45089,36.0
P45090,37.8
P45091,39.1
P45092,39.4
P45093,38.2
P45094,39.7
P45095,35.1
P45096,40.6
P45097,36.1
P45098,36.1
P45099,38.8
P45100,36.1
P45101,36.2
P45102,37.7
P45103,37.6
P45104,36.3
P45105,36.3
P45106,34.6
P45107,35.9
P45108,36.6
P45109,33.1
P45110,35.6
P45111,41.1
P45112,39.4
P45113,36.6
P45114,40.5
P45115,32.3
P45116,36.8
P45117,34.5
P45118,36.2
P45119,35.9
P45120,39.7
P45121,35.6
P45122,41.9
P45123,33.8
P45124,36.6
P45125,37.2
P45126,33.0
P45127,38.9
P45128,34.9
P45129,36.4
P45130,40.5
P45131,38.4
P45132,33.9
P45133,40.7
P45134,38.1
P45135,39.7
P45136,35.4
P45137,35.5
P45138,35.6
P45139,35.5
P45140,31.9
P45141,37.4
P45142,39.0
P45143,40.6
P45144,39.4
P45145,36.1
P45146,40.6
P45147,35.3
P45148,33.5
P45149,39.6
P45150,38.7
P45151,38.2
P45152,35.9
P45153,39.1
P45154,37.0
P45155,32.5
P45156,39.9
P45157,40.8
P45158,39.5
P45159,34.0
P45160,39.7
P45161,36.4
P45162,34.5
P45163,35.2
P45164,36.2
P45165,34.2
P45166,41.1
P45167,36.9
P45168,36.9
P45169,37.1
P45170,35.4
P45171,34.2
P45172,37.1
P45173,40.2
P45174,35.5
P45175,36.5
P45176,38.4
P45177,36.0
P45178,37.6
P45179,33.0
P45180,36.4
P45181,36.4
P45182,36.1
P45183,40.3
P45184,36.2
P45185,39.9
P45186,33.1
P45187,31.6
P45188,37.7
P45189,41.5
P45190,36.2
P45191,38.0
P45192,37.6
P45193,37.7
P45194,36.2
P45195,35.1
P45196,35.4
P45197,40.2
P45198,34.2
P45199,37.8
P45200,35.9
P45201,39.8
P45202,38.3
P45203,33.4
P45204,38.5
P45205,34.9
P45206,33.7
P45207,36.2
P45208,39.8
P45209,40.5
P45210,38.4
P45211,34.7
P45212,39.1
P45213,37.7
P45214,34.0
P45215,35.9
P45216,36.4
P45217,35.9
P45218,37.7
P45219,40.5
P45220,35.1
P45221,35.3
P45222,34.7
P45223,36.0
P45224,35.8
P45225,36.0
P45226,38.1
P45227,38.2
P45228,35.0
P45229,34.5
P45230,39.7
P45231,33.6
P45232,42.0
P45233,35.9
P45234,39.7
P45235,35.3
P45236,39.8
P45237,36.2
P45238,38.1
P45239,38.5
P45240,36.6
P45241,35.8
P45242,35.6
P45243,34.4
P45244,39.7
P45245,35.3
P45246,35.0
P45247,33.5
P45248,37.0
P45249,35.4
P45250,39.9
P45251,39.6
P45252,36.9
P45253,39.8
P45254,38.4
P45255,37.6
P45256,36.1
P45257,36.3
P45258,35.3
P45259,36.8
P45260,36.4
P45261,38.4
P45262,34.5
P45263,37.0
P45264,38.8
P45265,40.7
P45266,37.5
P45267,39.1
P45268,35.4
P45269,33.7
P45270,37.6
P45271,37.0
P45272,37.8
P45273,37.5
P45274,37.1
P45275,39.6
P45276,37.1
P45277,34.2
P45278,33.1
P45279,35.6
P45280,33.3
P45281,35.2
P45282,35.6
P45283,36.9
P45284,37.6
P45285,36.9
P45286,32.8
P45287,34.9
P45288,34.6
P45289,35.6
P45290,37.5
P45291,39.1
P45292,38.2
P45293,39.2
P45294,34.9
P45295,37.0
P45296,36.1
P45297,38.6
P45298,38.6
P45299,38.3
P45300,34.4
P45301,35.1
P45302,36.9
P45303,31.4
P45304,30.8
P45305,37.7
P45306,38.7
P45307,35.5
P45308,37.2
P45309,36.1
P45310,37.0
P45311,38.8
P45312,34.7
P45313,34.3
P45314,39.2
P45315,35.3
P45316,40.2
P45317,36.1
P45318,36.7
P45319,38.4
P45320,36.7
P45321,37.9
P45322,37.8
P45323,34.8
P45324,34.1
P45325,39.4
P45326,37.8
P45327,34.3
P45328,35.1
P45329,40.3
P45330,35.5
P45331,37.2
P45332,36.9
P45333,34.4
P45334,40.6
P45335,39.4
P45336,34.9
P45337,34.4
P45338,38.4
P45339,37.2
P45340,35.1
P45341,37.5
P45342,39.7
P45343,37.9
P45344,34.8
P45345,40.5
P45346,37.0
P45347,36.1
P45348,37.1
P45349,35.7
P45350,34.3
P45351,40.6
P45352,38.4
P45353,34.3
P45354,37.4
P45355,38.7
P45356,37.5
P45357,37.7
P45358,37.0
P45359,35.9
P45360,34.6
P45361,39.9
P45362,34.0
P45363,42.2
P45364,39.5
P45365,37.3
P45366,40.6
P45367,38.5
P45368,37.0
P45369,40.5
P45370,38.3
P45371,41.3
P45372,39.7
P45373,35.1
P45374,32.1
P45375,39.7
P45376,35.5
P45377,38.6
P45378,39.4
P45379,36.7
P45380,36.6
P45381,36.4
P45382,35.9
P45383,36.2
P45384,33.9
P45385,35.4
P45386,37.7
P45387,35.0
P45388,40.5
P45389,39.8
P45390,36.3
P45391,38.0
P45392,37.3
P45393,32.1
P45394,39.2
P45395,32.3
P45396,42.6
P45397,39.7
P45398,39.7
P45399,35.6
P45400,36.3
P45401,35.7
P45402,35.0
P45403,37.0
P45404,37.5
P45405,38.0
P45406,37.6
P45407,31.9
P45408,33.6
P45409,36.7
P45410,34.6
P45411,33.5
P45412,36.2
P45413,38.6
P45414,39.3
P45415,40.7
P45416,39.0
P45417,36.3
P45418,38.5
P45419,40.8
P45420,36.1
P45421,33.6
P45422,39.9
P45423,37.0
P45424,34.6
P45425,33.0
P45426,38.5
P45427,35.1
P45428,32.3
P45429,36.5
P45430,36.4
P45431,34.5
P45432,41.7
P45433,37.2
P45434,39.7
P45435,36.6
P45436,38.6
P45437,37.3
P45438,34.3
P45439,34.6
P45440,38.4
P45441,39.6
P45442,36.5
P45443,37.4
P45444,37.0
P45445,33.2
P45446,39.7
P45447,37.2
P45448,37.1
P45449,35.9
P45450,37.7
P45451,38.2
P45452,39.1
P45453,37.6
P45454,37.6
P45455,40.8
P45456,39.6
P45457,34.9
P45458,37.8
P45459,39.6
P45460,36.3
P45461,36.2
P45462,37.3
P45463,38.2
P45464,39.5
P45465,32.6
P45466,31.1
P45467,35.1
P45468,39.0
P45469,36.2
P45470,36.1
P45471,37.0
P45472,38.3
P45473,37.7
P45474,39.9
P45475,35.6
P45476,36.9
P45477,36.8
P45478,32.6
P45479,36.1
P45480,35.1
P45481,39.1
P45482,37.4
P45483,37.7
P45484,40.9
P45485,37.6
P45486,38.9
P45487,34.9
P45488,37.5
P45489,32.9
P45490,32.9
P45491,37.7
P45492,37.1
P45493,34.9
P45494,37.5
P45495,35.9
P45496,33.9
P45497,36.2
P45498,34.3
P45499,37.7
P45500,38.6
P45501,39.5
P45502,39.4
P45503,36.1
P45504,43.3
P45505,37.1
P45506,37.6
P45507,40.6
P45508,38.3
P45509,35.6
P45510,35.3
P45511,39.8
P45512,34.6
P45513,35.7
P45514,35.5
P45515,41.1
P45516,40.8
P45517,38.7
P45518,36.8
P45519,37.5
P45520,42.2
P45521,36.7
P45522,36.0
P45523,34.2
P45524,37.9
P45525,38.5
P45526,39.3
P45527,34.9
P45528,39.2
P45529,34.3
P45530,36.0
P45531,36.0
P45532,32.1
P45533,40.8
P45534,36.9
P45535,38.6
P45536,32.8
P45537,41.1
P45538,37.5
P45539,36.6
P45540,36.7
P45541,38.7
P45542,36.1
P45543,39.0
P45544,38.3
P45545,34.7
P45546,37.1
P45547,36.4
P45548,34.4
P45549,40.4
P45550,34.5
P45551,38.9
P45552,37.2
P45553,33.8
P45554,31.4
P45555,35.7
P45556,41.3
P45557,36.5
P45558,34.3
P45559,40.7
P45560,34.9
P45561,38.5
P45562,41.0
P45563,38.8
P45564,35.6
P45565,35.8
P45566,33.9
P45567,35.4
P45568,33.0
P45569,34.7
P45570,37.5
P45571,34.4
P45572,37.6
P45573,40.6
P45574,37.3
P45575,35.8
P45576,35.2
P45577,35.2
P45578,38.2
P45579,37.6
P45580,35.2
P45581,34.9
P45582,36.9
P45583,38.6
P45584,38.2
P45585,36.9
P45586,31.0
P45587,35.5
P45588,36.2
P45589,35.7
P45590,33.8
P45591,34.2
P45592,38.9
P45593,37.6
P45594,36.7
P45595,36.1
P45596,35.6
P45597,38.9
P45598,37.1
P45599,36.2
P45600,36.0
P45601,38.1
P45602,36.9
P45603,39.2
P45604,40.7
P45605,38.9
P45606,39.4
P45607,36.4
P45608,40.3
P45609,36.3
P45610,35.5
P45611,38.9
P45612,35.5
P45613,34.7
P45614,37.3
P45615,41.1
P45616,35.3
P45617,38.3
P45618,35.2
P45619,32.3
P45620,38.8
P45621,34.9
P45622,33.6
P45623,36.5
P45624,37.6
P45625,38.5
P45626,40.5
P45627,39.3
P45628,36.6
P45629,38.4
P45630,35.4
P45631,38.5
P45632,33.1
P45633,40.0
P45634,35.0
P45635,38.1
P45636,36.1
P45637,38.2
P45638,38.8
P45639,36.7
P45640,39.3
P45641,37.7
P45642,35.5
P45643,33.4
P45644,33.5
P45645,40.4
P45646,41.1
P45647,40.0
P45648,34.7
P45649,36.3
P45650,35.6
P45651,35.7
P45652,37.7
P45653,35.4
P45654,34.8
P45655,36.6
P45656,37.2
P45657,36.3
P45658,33.8
P45659,41.1
P45660,33.8
P45661,38.0
P45662,34.9
P45663,40.7
P45664,35.7
P45665,37.5
P45666,35.6
P45667,35.9
P45668,35.2
P45669,36.6
P45670,38.3
P45671,36.9
P45672,35.6
P45673,39.8
P45674,38.7
P45675,35.3
P45676,39.6
P45677,39.9
P45678,36.6
P45679,39.2
P45680,41.4
P45681,37.0
P45682,38.5
P45683,36.9
P45684,40.1
P45685,37.6
P45686,38.4
P45687,41.2
P45688,37.7
P45689,40.8
P45690,33.5
P45691,38.2
P45692,35.2
P45693,35.2
P45694,35.4
P45695,31.6
P45696,37.5
P45697,38.7
P45698,36.7
P45699,34.6
P45700,36.3
P45701,36.4
P45702,34.1
P45703,30.8
P45704,35.6
P45705,36.7
P45706,34.6
P45707,37.4
P45708,37.8
P45709,34.6
P45710,35.2
P45711,34.4
P45712,34.2
P45713,33.5
P45714,32.6
P45715,34.8
P45716,33.9
P45717,40.8
P45718,32.4
P45719,33.5
P45720,37.4
P45721,32.1
P45722,36.7
P45723,39.0
P45724,34.9
P45725,39.9
P45726,35.5
P45727,38.4
P45728,36.8
P45729,36.2
P45730,36.0
P45731,35.1
P45732,31.3
P45733,37.3
P45734,35.7
P45735,36.0
P45736,36.4
P45737,34.9
P45738,38.0
P45739,36.2
P45740,35.0
P45741,36.5
P45742,36.0
P45743,36.6
P45744,40.3
P45745,34.5
P45746,39.5
P45747,40.7
P45748,36.9
P45749,32.2
P45750,39.2
P45751,36.9
P45752,37.3
P45753,41.8
P45754,36.5
P45755,38.3
P45756,37.5
P45757,33.2
P45758,39.1
P45759,41.0
P45760,35.0
P45761,37.2
P45762,39.6
P45763,37.1
P45764,37.6
P45765,38.8
P45766,36.5
P45767,40.8
P45768,36.0
P45769,38.3
P45770,35.7
P45771,38.7
P45772,35.1
P45773,37.9
P45774,34.6
P45775,36.6
P45776,37.7
P45777,39.7
P45778,38.7
P45779,35.6
P45780,34.5
P45781,36.9
P45782,39.6
P45783,34.3
P45784,36.4
P45785,36.2
P45786,37.2
P45787,35.0
P45788,33.7
P45789,36.4
P45790,40.6
P45791,38.4
P45792,33.7
P45793,37.3
P45794,37.3
P45795,39.7
P45796,37.3
P45797,35.7
P45798,34.9
P45799,35.6
P45800,31.9
P45801,33.0
P45802,37.0
P45803,40.5
P45804,40.8
P45805,37.9
P45806,37.0
P45807,34.3
P45808,35.9
P45809,38.4
P45810,37.0
P45811,37.0
P45812,39.6
P45813,43.3
P45814,35.3
P45815,43.0
P45816,39.0
P45817,33.7
P45818,33.9
P45819,39.4
P45820,36.1
P45821,37.1
P45822,35.9
P45823,34.9
P45824,36.6
P45825,35.1
P45826,39.5
P45827,35.6
P45828,36.6
P45829,38.6
P45830,38.4
P45831,36.1
P45832,35.1
P45833,40.9
P45834,39.8
P45835,40.5
P45836,37.6
P45837,37.8
P45838,38.2
P45839,35.5
P45840,41.7
P45841,37.5
P45842,39.1
P45843,35.6
P45844,38.1
P45845,35.6
P45846,33.9
P45847,35.6
P45848,39.9
P45849,36.9
P45850,35.6
P45851,38.6
P45852,42.5
P45853,37.6
P45854,39.4
P45855,34.5
P45856,38.8
P45857,35.5
P45858,38.4
P45859,36.7
P45860,34.5
P45861,35.6
P45862,39.2
P45863,39.9
P45864,37.3
P45865,38.8
P45866,40.0
P45867,39.7
P45868,37.4
P45869,37.3
P45870,38.2
P45871,39.5
P45872,41.5
P45873,36.3
P45874,31.5
P45875,43.4
P45876,36.7
P45877,35.6
P45878,33.2
P45879,38.8
P45880,37.7
P45881,39.2
P45882,40.1
P45883,38.5
P45884,37.5
P45885,35.8
P45886,38.1
P45887,37.6
P45888,36.3
P45889,39.4
P45890,37.3
P45891,39.5
P45892,35.6
P45893,40.9
P45894,35.4
P45895,37.1
P45896,35.2
P45897,35.7
P45898,33.2
P45899,33.3
P45900,37.3
P45901,36.1
P45902,37.4
P45903,39.1
P45904,35.6
P45905,39.0
P45906,37.2
P45907,39.9
P45908,37.4
P45909,37.3
P45910,41.0
P45911,35.4
P45912,34.9
P45913,35.7
P45914,40.4
P45915,35.4
P45916,38.2
P45917,33.1
P45918,36.1
P45919,39.1
P45920,32.7
P45921,38.9
P45922,34.3
P45923,40.0
P45924,39.7
P45925,34.2
P45926,35.6
P45927,37.6
P45928,32.9
P45929,35.5
P45930,38.5
P45931,31.9
P45932,35.5
P45933,38.1
P45934,37.4
P45935,38.4
P45936,36.6
P45937,36.1
P45938,37.6
P45939,40.9
P45940,44.6
P45941,38.2
P45942,36.7
P45943,33.8
P45944,35.2
P45945,34.2
P45946,38.1
P45947,40.6
P45948,37.6
P45949,36.0
P45950,36.1
P45951,36.2
P45952,34.6
P45953,40.6
P45954,41.6
P45955,35.9
P45956,39.6
P45957,39.1
P45958,36.1
P45959,34.9
P45960,34.7
P45961,36.4
P45962,37.3
P45963,39.5
P45964,37.1
P45965,35.2
P45966,36.8
P45967,39.5
P45968,36.9
P45969,33.8
P45970,37.7
P45971,40.2
P45972,36.8
P45973,36.9
P45974,38.2
P45975,42.4
P45976,40.8
P45977,35.5
P45978,35.0
P45979,39.1
P45980,34.1
P45981,37.8
P45982,41.0
P45983,34.1
P45984,40.8
P45985,39.8
P45986,35.8
P45987,36.6
P45988,35.6
P45989,36.7
P45990,38.3
P45991,39.6
P45992,38.1
P45993,39.6
P45994,35.8
P45995,35.9
P45996,39.3
P45997,40.1
P45998,37.9
P45999,36.8
P46000,35.7
P46001,34.5
P46002,35.8
P46003,40.7
P46004,39.1
P46005,37.4
P46006,38.4
P46007,35.3
P46008,38.9
P46009,38.8
P46010,39.4
P46011,34.2
P46012,37.0
P46013,33.4
P46014,40.3
P46015,36.5
P46016,36.5
P46017,33.1
P46018,39.3
P46019,35.8
P46020,39.4
P46021,35.5
P46022,33.7
P46023,34.7
P46024,36.2
P46025,31.2
P46026,37.9
P46027,39.8
P46028,34.3
P46029,34.4
P46030,39.6
P46031,36.5
P46032,39.7
P46033,37.2
P46034,39.0
P46035,36.9
P46036,40.3
P46037,39.3
P46038,37.5
P46039,33.6
P46040,36.4
P46041,37.7
P46042,35.3
P46043,35.1
P46044,32.1
P46045,37.4
P46046,36.5
P46047,41.8
P46048,37.7
P46049,34.4
P46050,34.0
P46051,36.7
P46052,35.5
P46053,34.7
P46054,36.5
P46055,36.5
P46056,36.2
P46057,39.5
P46058,37.8
P46059,37.7
P46060,32.9
P46061,36.0
P46062,36.0
P46063,39.7
P46064,39.7
P46065,34.0
P46066,36.3
P46067,39.8
P46068,36.3
P46069,40.6
P46070,37.8
P46071,38.4
P46072,38.8
P46073,37.9
P46074,37.8
P46075,38.5
P46076,38.2
P46077,37.0
P46078,38.5
P46079,37.5
P46080,39.6
P46081,34.5
P46082,37.1
P46083,34.0
P46084,33.1
P46085,38.0
P46086,35.8
P46087,38.4
P46088,39.5
P46089,39.0
P46090,39.7
P46091,41.1
P46092,34.6
P46093,35.3
P46094,38.1
P46095,34.9
P46096,34.5
P46097,36.0
P46098,36.7
P46099,38.2
P46100,40.3
P46101,36.6
P46102,41.4
P46103,43.5
P46104,34.4
P46105,36.3
P46106,39.3
P46107,35.6
P46108,32.1
P46109,42.9
P46110,39.7
P46111,36.1
P46112,39.9
P46113,38.9
P46114,37.6
P46115,37.7
P46116,38.8
P46117,39.6
P46118,40.7
P46119,38.0
P46120,40.8
P46121,36.2
P46122,35.7
P46123,39.1
P46124,33.7
P46125,34.4
P46126,33.9
P46127,37.2
P46128,38.4
P46129,35.2
P46130,39.7
P46131,38.6
P46132,33.6
P46133,39.3
P46134,34.8
P46135,40.7
P46136,38.2
P46137,38.2
P46138,39.2
P46139,36.5
P46140,41.7
P46141,35.6
P46142,32.4
P46143,35.4
P46144,41.1
P46145,38.4
P46146,37.2
P46147,40.8
P46148,40.3
P46149,37.7
P46150,35.9
P46151,35.7
P46152,35.1
P46153,37.6
P46154,39.7
P46155,35.7
P46156,34.8
P46157,37.6
P46158,36.8
P46159,36.7
P46160,37.6
P46161,34.9
P46162,40.4
P46163,35.1
P46164,32.8
P46165,37.7
P46166,34.8
P46167,36.1
P46168,35.3
P46169,34.6
P46170,36.7
P46171,37.0
P46172,37.5
P46173,40.5
P46174,36.6
P46175,37.9
P46176,34.4
P46177,37.9
P46178,32.7
P46179,37.4
P46180,35.8
P46181,38.4
P46182,37.3
P46183,36.1
P46184,37.0
P46185,37.6
P46186,38.5
P46187,38.1
P46188,37.9
P46189,35.3
P46190,38.2
P46191,35.3
P46192,33.1
P46193,37.0
P46194,39.2
P46195,36.7
P46196,30.8
P46197,33.8
P46198,34.0
P46199,39.5
P46200,37.8
P46201,36.0
P46202,43.3
P46203,35.9
P46204,32.8
P46205,33.8
P46206,35.1
P46207,39.8
P46208,37.0
P46209,36.9
P46210,39.7
P46211,39.2
P46212,39.5
P46213,38.9
P46214,36.4
P46215,37.3
P46216,40.8
P46217,37.2
P46218,41.0
P46219,31.7
P46220,39.4
P46221,36.7
P46222,35.4
P46223,37.1
P46224,39.7
P46225,35.1
P46226,35.3
P46227,37.4
P46228,33.8
P46229,33.9
P46230,38.1
P46231,31.3
P46232,38.4
P46233,31.2
P46234,41.8
P46235,34.7
P46236,38.9
P46237,37.6
P46238,36.7
P46239,35.7
P46240,36.2
P46241,37.8
P46242,40.2
P46243,37.4
P46244,33.6
P46245,31.9
P46246,35.4
P46247,32.7
P46248,35.7
P46249,37.3
P46250,42.6
P46251,37.2
P46252,36.4
P46253,36.2
P46254,36.1
P46255,35.8
P46256,35.5
P46257,33.8
P46258,40.0
P46259,34.8
P46260,35.7
P46261,39.1
P46262,33.7
P46263,38.0
P46264,35.4
P46265,39.4
P46266,35.5
P46267,40.7
P46268,38.7
P46269,36.5
P46270,36.4
P46271,39.5
P46272,36.1
P46273,34.0
P46274,33.7
P46275,36.9
P46276,34.2
P46277,37.8
P46278,32.8
P46279,40.1
P46280,36.2
P46281,38.6
P46282,35.3
P46283,35.1
P46284,36.1
P46285,40.2
P46286,35.9
P46287,38.5
P46288,36.3
P46289,37.9
P46290,40.6
P46291,38.3
P46292,38.7
P46293,40.6
P46294,36.7
P46295,38.4
P46296,35.7
P46297,36.0
P46298,36.9
P46299,39.7
P46300,34.6
P46301,39.8
P46302,34.3
P46303,34.5
P46304,38.0
P46305,33.4
P46306,36.7
P46307,36.7
P46308,37.9
P46309,32.8
P46310,38.6
P46311,35.7
P46312,35.2
P46313,36.5
P46314,43.2
P46315,37.0
P46316,40.2
P46317,36.9
P46318,35.3
P46319,37.5
P46320,36.1
P46321,37.7
P46322,33.5
P46323,37.3
P46324,37.0
P46325,40.5
P46326,33.9
P46327,42.9
P46328,39.6
P46329,35.4
P46330,33.3
P46331,35.8
P46332,37.0
P46333,34.9
P46334,37.9
P46335,38.5
P46336,35.7
P46337,39.2
P46338,34.5
P46339,36.6
P46340,35.4
P46341,41.1
P46342,33.4
P46343,31.9
P46344,36.2
P46345,35.0
P46346,40.8
P46347,38.4
P46348,40.1
P46349,35.7
P46350,35.4
P46351,39.0
P46352,36.1
P46353,35.1
P46354,39.4
P46355,39.7
P46356,39.2
P46357,34.0
P46358,37.7
P46359,38.9
P46360,34.5
P46361,40.2
P46362,32.2
P46363,39.2
P46364,41.6
P46365,36.3
P46366,37.9
P46367,39.4
P46368,35.5
P46369,38.5
P46370,34.8
P46371,39.8
P46372,33.2
P46373,32.6
P46374,40.1
P46375,34.7
P46376,37.8
P46377,41.3
P46378,35.8
P46379,34.6
P46380,33.5
P46381,33.4
P46382,33.8
P46383,35.1
P46384,35.8
P46385,42.0
P46386,34.2
P46387,36.7
P46388,35.0
P46389,35.3
P46390,39.8
P46391,35.9
P46392,38.6
P46393,34.7
P46394,37.3
P46395,35.1
P46396,32.7
P46397,36.4
P46398,33.8
P46399,42.9
P46400,36.7
P46401,38.6
P46402,34.7
P46403,36.5
P46404,37.6
P46405,38.2
P46406,33.1
P46407,39.7
P46408,36.5
P46409,34.4
P46410,38.3
P46411,38.2
P46412,37.4
P46413,39.9
P46414,36.1
P46415,38.4
P46416,35.2
P46417,37.0
P46418,36.5
P46419,35.4
P46420,35.2
P46421,40.3
P46422,38.7
P46423,39.0
P46424,35.9
P46425,38.2
P46426,34.5
P46427,36.1
P46428,43.1
P46429,37.8
P46430,35.7
P46431,35.7
P46432,34.9
P46433,37.9
P46434,38.4
P46435,34.5
P46436,40.3
P46437,35.4
P46438,37.2
P46439,38.0
P46440,40.3
P46441,36.7
P46442,41.0
P46443,30.1
P46444,38.0
P46445,35.4
P46446,36.3
P46447,42.9
P46448,34.1
P46449,36.3
P46450,33.8
P46451,37.6
P46452,37.7
P46453,40.2
P46454,39.5
P46455,38.6
P46456,35.0
P46457,35.8
P46458,37.4
P46459,36.0
P46460,36.3
P46461,38.6
P46462,34.6
P46463,35.7
P46464,35.7
P46465,35.6
P46466,34.5
P46467,36.5
P46468,38.9
P46469,40.7
P46470,37.8
P46471,35.8
P46472,38.4
P46473,40.0
P46474,40.3
P46475,40.7
P46476,37.7
P46477,36.0
P46478,39.4
P46479,41.7
P46480,40.6
P46481,36.5
P46482,37.4
P46483,36.7
P46484,37.2
P46485,34.9
P46486,37.1
P46487,38.8
P46488,37.1
P46489,39.3
P46490,35.2
P46491,36.4
P46492,40.4
P46493,35.2
P46494,37.9
P46495,40.8
P46496,30.0
P46497,35.1
P46498,34.9
P46499,39.6
P46500,39.5
P46501,34.3
P46502,33.8
P46503,37.0
P46504,35.8
P46505,38.3
P46506,39.9
P46507,40.3
P46508,40.2
P46509,35.4
P46510,39.1
P46511,32.9
P46512,36.4
P46513,34.4
P46514,32.8
P46515,37.5
P46516,35.9
P46517,36.7
P46518,33.3
P46519,35.7
P46520,42.1
P46521,38.8
P46522,36.3
P46523,36.7
P46524,34.6
P46525,36.8
P46526,35.1
P46527,38.7
P46528,39.5
P46529,35.0
P46530,35.8
P46531,37.8
P46532,37.3
P46533,40.0
P46534,38.3
P46535,39.7
P46536,38.5
P46537,37.0
P46538,41.6
P46539,39.0
P46540,38.7
P46541,40.4
P46542,33.0
P46543,38.3
P46544,38.9
P46545,35.8
P46546,35.4
P46547,35.1
P46548,39.4
P46549,38.8
P46550,36.5
P46551,35.3
P46552,33.7
P46553,33.9
P46554,31.1
P46555,36.7
P46556,36.3
P46557,37.4
P46558,37.2
P46559,35.0
P46560,39.0
P46561,35.5
P46562,34.4
P46563,36.5
P46564,41.1
P46565,32.3
P46566,37.5
P46567,35.5
P46568,35.3
P46569,38.1
P46570,39.3
P46571,33.1
P46572,35.0
P46573,35.6
P46574,36.7
P46575,39.4
P46576,38.8
P46577,32.7
P46578,36.9
P46579,37.8
P46580,37.6
P46581,39.7
P46582,37.0
P46583,39.0
P46584,34.1
P46585,35.9
P46586,43.2
P46587,42.2
P46588,39.5
P46589,35.3
P46590,36.2
P46591,35.0
P46592,39.7
P46593,37.3
P46594,41.2
P46595,36.5
P46596,39.2
P46597,40.0
P46598,36.0
P46599,40.8
P46600,39.6
P46601,36.6
P46602,38.4
P46603,33.9
P46604,36.1
P46605,37.1
P46606,38.8
P46607,33.0
P46608,34.3
P46609,38.3
P46610,34.9
P46611,41.1
P46612,38.9
P46613,37.1
P46614,39.2
P46615,37.1
P46616,33.9
P46617,35.9
P46618,36.6
P46619,36.4
P46620,35.5
P46621,34.1
P46622,36.8
P46623,34.0
P46624,40.2
P46625,37.5
P46626,39.9
P46627,41.5
P46628,36.5
P46629,36.2
P46630,39.7
P46631,36.0
P46632,38.8
P46633,39.6
P46634,34.7
P46635,37.7
P46636,36.6
P46637,39.7
P46638,37.1
P46639,37.0
P46640,36.6
P46641,37.6
P46642,42.2
P46643,37.7
P46644,38.2
P46645,37.5
P46646,35.9
P46647,40.1
P46648,35.5
P46649,40.3
P46650,37.2
P46651,35.3
P46652,31.8
P46653,37.1
P46654,39.1
P46655,34.8
P46656,38.0
P46657,38.9
P46658,35.6
P46659,38.7
P46660,41.1
P46661,35.7
P46662,31.9
P46663,35.6
P46664,39.4
P46665,36.1
P46666,33.4
P46667,35.8
P46668,34.4
P46669,33.5
P46670,34.1
P46671,36.3
P46672,39.8
P46673,35.9
P46674,38.2
P46675,38.6
P46676,44.1
P46677,39.3
P46678,35.5
P46679,35.1
P46680,34.6
P46681,32.8
P46682,34.2
P46683,40.6
P46684,36.9
P46685,36.5
P46686,35.8
P46687,40.6
P46688,38.8
P46689,36.2
P46690,34.4
P46691,36.5
P46692,32.3
P46693,37.3
P46694,34.0
P46695,31.8
P46696,37.0
P46697,40.8
P46698,35.3
P46699,40.8
P46700,39.4
P46701,41.1
P46702,37.9
P46703,32.0
P46704,35.6
P46705,38.3
P46706,34.6
P46707,38.3
P46708,41.9
P46709,36.6
P46710,39.6
P46711,35.7
P46712,33.9
P46713,33.9
P46714,35.6
P46715,38.5
P46716,34.5
P46717,36.4
P46718,36.0
P46719,39.5
P46720,39.3
P46721,31.8
P46722,34.4
P46723,36.0
P46724,33.1
P46725,40.4
P46726,34.9
P46727,39.0
P46728,37.8
P46729,32.9
P46730,40.9
P46731,34.1
P46732,38.6
P46733,39.2
P46734,36.8
P46735,36.9
P46736,38.2
P46737,37.1
P46738,35.6
P46739,40.3
P46740,36.0
P46741,39.9
P46742,36.3
P46743,35.8
P46744,33.6
P46745,38.8
P46746,40.8
P46747,38.3
P46748,33.9
P46749,36.2
P46750,41.0
P46751,37.9
P46752,35.1
P46753,39.7
P46754,40.8
P46755,36.9
P46756,37.2
P46757,34.3
P46758,40.8
P46759,37.7
P46760,36.8
P46761,38.0
P46762,34.2
P46763,41.5
P46764,40.3
P46765,36.2
P46766,38.7
P46767,35.8
P46768,37.5
P46769,33.5
P46770,37.3
P46771,36.2
P46772,36.7
P46773,34.4
P46774,38.3
P46775,36.5
P46776,33.3
P46777,40.8
P46778,38.7
P46779,34.4
P46780,36.6
P46781,39.7
P46782,35.5
P46783,39.0
P46784,34.9
P46785,40.7
P46786,38.1
P46787,39.4
P46788,39.7
P46789,39.5
P46790,36.0
P46791,39.7
P46792,36.4
P46793,36.9
P46794,39.5
P46795,38.3
P46796,34.5
P46797,36.8
P46798,42.4
P46799,40.1
P46800,36.1
P46801,40.3
P46802,33.0
P46803,39.8
P46804,38.2
P46805,37.7
P46806,39.9
P46807,38.5
P46808,39.2
P46809,32.8
P46810,35.7
P46811,38.7
P46812,40.1
P46813,37.6
P46814,36.2
P46815,36.0
P46816,36.3
P46817,29.6
P46818,37.2
P46819,40.4
P46820,34.3
P46821,35.9
P46822,40.8
P46823,41.0
P46824,35.5
P46825,35.5
P46826,38.9
P46827,41.7
P46828,34.4
P46829,38.8
P46830,34.8
P46831,37.4
P46832,38.9
P46833,40.8
P46834,40.8
P46835,39.8
P46836,38.5
P46837,43.1
P46838,39.6
P46839,35.4
P46840,34.8
P46841,39.1
P46842,36.6
P46843,34.3
P46844,39.7
P46845,35.6
P46846,35.1
P46847,38.2
P46848,33.7
P46849,35.0
P46850,38.1
P46851,36.1
P46852,38.5
P46853,40.3
P46854,35.5
P46855,36.9
P46856,34.8
P46857,37.7
P46858,38.1
P46859,35.8
P46860,35.3
P46861,37.1
P46862,34.6
P46863,39.5
P46864,39.9
P46865,35.1
P46866,36.3
P46867,40.2
P46868,35.9
P46869,39.9
P46870,38.4
P46871,33.1
P46872,35.5
P46873,36.5
P46874,40.6
P46875,36.5
P46876,35.9
P46877,39.9
P46878,36.5
P46879,39.9
P46880,41.8
P46881,39.1
P46882,38.0
P46883,39.7
P46884,38.4
P46885,40.6
P46886,34.7
P46887,38.1
P46888,34.3
P46889,39.0
P46890,33.9
P46891,36.5
P46892,37.4
P46893,39.1
P46894,36.7
P46895,39.7
P46896,33.7
P46897,32.5
P46898,34.2
P46899,33.3
P46900,33.0
P46901,39.8
P46902,41.2
P46903,36.6
P46904,38.8
P46905,33.6
P46906,36.6
P46907,40.6
P46908,37.7
P46909,39.4
P46910,36.4
P46911,39.3
P46912,35.1
P46913,42.9
P46914,32.4
P46915,40.1
P46916,37.4
P46917,36.3
P46918,35.8
P46919,39.6
P46920,36.1
P46921,40.7
P46922,40.7
P46923,39.6
P46924,38.2
P46925,37.4
P46926,31.4
P46927,35.6
P46928,37.7
P46929,35.8
P46930,37.4
P46931,33.7
P46932,33.4
P46933,33.7
P46934,38.3
P46935,40.1
P46936,38.6
P46937,31.4
P46938,39.6
P46939,35.8
P46940,29.6
P46941,34.1
P46942,36.2
P46943,42.6
P46944,34.3
P46945,37.8
P46946,38.2
P46947,35.9
P46948,36.3
P46949,37.5
P46950,34.2
P46951,34.3
P46952,37.4
P46953,34.6
P46954,40.6
P46955,40.9
P46956,37.7
P46957,40.6
P46958,41.7
P46959,40.8
P46960,38.3
P46961,38.6
P46962,35.5
P46963,39.7
P46964,40.8
P46965,39.3
P46966,36.5
P46967,34.0
P46968,37.6
P46969,36.0
P46970,37.8
P46971,34.5
P46972,39.6
P46973,39.4
P46974,39.7
P46975,36.0
P46976,39.1
P46977,36.3
P46978,34.8
P46979,37.2
P46980,36.9
P46981,36.3
P46982,33.9
P46983,36.7
P46984,38.7
P46985,31.1
P46986,37.7
P46987,37.6
P46988,32.3
P46989,40.4
P46990,32.7
P46991,35.6
P46992,39.1
P46993,38.9
P46994,39.9
P46995,35.9
P46996,41.9
P46997,39.4
P46998,42.1
P46999,37.0
P47000,39.9
P47001,34.2
P47002,35.3
P47003,37.2
P47004,38.0
P47005,36.7
P47006,36.4
P47007,34.6
P47008,34.9
P47009,36.9
P47010,34.4
P47011,39.5
P47012,41.1
P47013,33.3
P47014,37.3
P47015,33.3
P47016,36.1
P47017,36.8
P47018,33.0
P47019,36.5
P47020,33.6
P47021,40.2
P47022,37.5
P47023,36.9
P47024,38.6
P47025,40.5
P47026,34.2
P47027,36.5
P47028,33.7
P47029,33.2
P47030,37.8
P47031,35.5
P47032,36.1
P47033,33.4
P47034,40.5
P47035,35.3
P47036,33.8
P47037,35.1
P47038,40.4
P47039,34.3
P47040,40.1
P47041,37.7
P47042,33.0
P47043,33.2
P47044,39.4
P47045,39.7
P47046,33.9
P47047,40.2
P47048,38.8
P47049,38.7
P47050,37.2
P47051,35.3
P47052,36.6
P47053,33.5
P47054,40.4
P47055,36.4
P47056,36.1
P47057,34.6
P47058,36.0
P47059,39.6
P47060,40.1
P47061,37.2
P47062,36.5
P47063,34.6
P47064,36.9
P47065,36.9
P47066,36.6
P47067,36.8
P47068,41.3
P47069,36.6
P47070,35.7
P47071,34.3
P47072,36.0
P47073,36.9
P47074,37.3
P47075,37.5
P47076,36.9
P47077,35.2
P47078,34.9
P47079,37.7
P47080,32.6
P47081,39.8
P47082,36.1
P47083,38.4
P47084,35.1
P47085,40.6
P47086,36.1
P47087,39.1
P47088,37.6
P47089,38.9
P47090,35.0
P47091,37.4
P47092,40.4
P47093,35.2
P47094,37.9
P47095,36.0
P47096,35.9
P47097,36.5
P47098,42.4
P47099,35.4
P47100,36.0
P47101,39.5
P47102,40.8
P47103,37.3
P47104,39.4
P47105,39.9
P47106,35.0
P47107,37.1
P47108,37.7
P47109,37.3
P47110,34.6
P47111,42.1
P47112,35.7
P47113,38.7
P47114,38.5
P47115,40.2
P47116,36.1
P47117,42.6
P47118,40.6
P47119,34.8
P47120,37.3
P47121,38.5
P47122,37.1
P47123,36.3
P47124,35.7
P47125,35.6
P47126,35.0
P47127,37.4
P47128,37.2
P47129,38.9
P47130,35.6
P47131,38.3
P47132,37.0
P47133,42.4
P47134,38.4
P47135,34.7
P47136,38.6
P47137,39.7
P47138,32.4
P47139,33.0
P47140,42.2
P47141,38.0
P47142,38.1
P47143,34.4
P47144,38.6
P47145,39.1
P47146,37.5
P47147,34.5
P47148,37.7
P47149,37.4
P47150,39.7
P47151,42.4
P47152,35.3
P47153,34.0
P47154,31.1
P47155,35.7
P47156,42.4
P47157,36.7
P47158,36.9
P47159,32.1
P47160,38.4
P47161,39.7
P47162,41.7
P47163,36.9
P47164,33.7
P47165,33.9
P47166,43.5
P47167,38.3
P47168,30.9
P47169,39.7
P47170,41.5
P47171,31.9
P47172,38.4
P47173,34.7
P47174,35.3
P47175,39.4
P47176,38.2
P47177,36.0
P47178,38.0
P47179,35.1
P47180,36.4
P47181,38.3
P47182,37.5
P47183,33.5
P47184,34.5
P47185,40.6
P47186,37.0
P47187,38.1
P47188,40.0
P47189,37.5
P47190,34.7
P47191,40.7
P47192,34.0
P47193,32.1
P47194,34.5
P47195,36.7
P47196,36.9
P47197,31.1
P47198,36.0
P47199,37.4
P47200,40.7
P47201,38.0
P47202,34.2
P47203,36.1
P47204,40.5
P47205,42.5
P47206,34.2
P47207,36.7
P47208,38.0
P47209,38.7
P47210,39.7
P47211,33.8
P47212,38.6
P47213,38.6
P47214,38.7
P47215,39.4
P47216,39.7
P47217,38.8
P47218,35.3
P47219,39.2
P47220,41.4
P47221,40.8
P47222,39.7
P47223,38.3
P47224,36.3
P47225,39.8
P47226,39.1
P47227,39.0
P47228,34.5
P47229,36.1
P47230,41.0
P47231,38.3
P47232,36.4
P47233,36.2
P47234,35.6
P47235,35.9
P47236,35.5
P47237,39.7
P47238,38.7
P47239,35.6
P47240,35.3
P47241,40.4
P47242,36.3
P47243,35.4
P47244,39.8
P47245,37.2
P47246,34.4
P47247,38.1
P47248,37.8
P47249,39.0
P47250,30.4
P47251,35.9
P47252,33.0
P47253,38.2
P47254,37.1
P47255,36.4
P47256,33.3
P47257,35.5
P47258,37.5
P47259,34.2
P47260,36.7
P47261,38.7
P47262,37.4
P47263,40.7
P47264,35.3
P47265,37.0
P47266,35.4
P47267,41.1
P47268,34.3
P47269,35.8
P47270,37.5
P47271,34.5
P47272,35.9
P47273,38.6
P47274,34.9
P47275,35.8
P47276,40.4
P47277,36.4
P47278,38.4
P47279,37.8
P47280,36.9
P47281,38.9
P47282,35.9
P47283,35.5
P47284,36.2
P47285,41.2
P47286,37.5
P47287,36.4
P47288,37.8
P47289,34.5
P47290,38.0
P47291,38.5
P47292,39.3
P47293,36.5
P47294,36.9
P47295,36.0
P47296,35.5
P47297,35.3
P47298,41.4
P47299,38.0
P47300,35.0
P47301,33.5
P47302,36.0
P47303,33.2
P47304,36.1
P47305,39.8
P47306,33.3
P47307,33.7
P47308,40.3
P47309,37.0
P47310,34.4
P47311,38.3
P47312,35.6
P47313,36.9
P47314,39.5
P47315,39.5
P47316,34.7
P47317,32.9
P47318,40.8
P47319,39.7
P47320,36.5
P47321,34.8
P47322,37.8
P47323,39.9
P47324,34.5
P47325,37.2
P47326,35.8
P47327,39.7
P47328,36.7
P47329,39.7
P47330,38.8
P47331,32.8
P47332,37.5
P47333,37.4
P47334,40.6
P47335,35.8
P47336,38.1
P47337,35.5
P47338,36.8
P47339,36.6
P47340,39.1
P47341,37.8
P47342,39.6
P47343,36.3
P47344,36.2
P47345,39.1
P47346,37.3
P47347,40.9
P47348,39.9
P47349,34.3
P47350,36.1
P47351,35.6
P47352,42.3
P47353,38.0
P47354,45.0
P47355,39.9
P47356,35.8
P47357,37.4
P47358,41.9
P47359,35.6
P47360,38.4
P47361,36.9
P47362,36.3
P47363,38.4
P47364,42.9
P47365,39.8
P47366,36.6
P47367,36.2
P47368,35.3
P47369,36.1
P47370,38.6
P47371,35.7
P47372,33.9
P47373,38.0
P47374,39.4
P47375,39.1
P47376,36.4
P47377,34.5
P47378,32.8
P47379,39.8
P47380,36.4
P47381,39.4
P47382,39.1
P47383,36.3
P47384,41.4
P47385,39.2
P47386,38.5
P47387,37.0
P47388,37.1
P47389,39.6
P47390,38.3
P47391,36.1
P47392,40.1
P47393,38.5
P47394,36.1
P47395,35.5
P47396,39.7
P47397,40.8
P47398,37.4
P47399,35.9
P47400,36.5
P47401,37.2
P47402,36.3
P47403,35.5
P47404,38.9
P47405,36.5
P47406,39.1
P47407,35.7
P47408,35.1
P47409,37.3
P47410,39.5
P47411,36.3
P47412,37.0
P47413,39.4
P47414,34.2
P47415,34.5
P47416,39.5
P47417,36.5
P47418,39.4
P47419,40.7
P47420,39.1
P47421,39.7
P47422,40.5
P47423,37.7
P47424,39.5
P47425,33.2
P47426,36.8
P47427,37.7
P47428,39.4
P47429,35.6
P47430,38.0
P47431,35.9
P47432,36.8
P47433,39.4
P47434,35.8
P47435,40.3
P47436,34.6
P47437,38.4
P47438,31.9
P47439,33.6
P47440,37.6
P47441,37.8
P47442,39.7
P47443,35.2
P47444,40.3
P47445,40.8
P47446,38.5
P47447,39.4
P47448,36.7
P47449,39.1
P47450,39.3
P47451,39.7
P47452,36.7
P47453,35.2
P47454,40.8
P47455,33.3
P47456,40.8
P47457,33.3
P47458,36.0
P47459,36.6
P47460,37.9
P47461,37.6
P47462,37.1
P47463,38.1
P47464,39.7
P47465,35.6
P47466,34.9
P47467,36.3
P47468,37.4
P47469,36.2
P47470,36.7
P47471,38.6
P47472,34.4
P47473,35.6
P47474,35.2
P47475,35.2
P47476,41.1
P47477,35.7
P47478,33.5
P47479,33.2
P47480,36.5
P47481,35.9
P47482,34.3
P47483,35.2
P47484,35.3
P47485,38.6
P47486,40.3
P47487,33.8
P47488,34.3
P47489,35.5
P47490,38.7
P47491,31.7
P47492,34.6
P47493,39.9
P47494,38.1
P47495,41.0
P47496,35.6
P47497,34.1
P47498,36.0
P47499,35.1
P47500,38.0
P47501,35.7
P47502,35.4
P47503,34.6
P47504,36.5
P47505,37.3
P47506,35.5
P47507,40.5
P47508,33.7
P47509,34.8
P47510,37.3
P47511,34.3
P47512,33.9
P47513,39.2
P47514,40.1
P47515,38.8
P47516,32.8
P47517,34.3
P47518,39.7
P47519,33.4
P47520,36.0
P47521,39.4
P47522,34.2
P47523,34.9
P47524,38.3
P47525,36.5
P47526,34.0
P47527,36.1
P47528,38.9
P47529,39.0
P47530,39.3
P47531,38.3
P47532,38.1
P47533,35.8
P47534,35.1
P47535,34.0
P47536,34.1
P47537,38.5
P47538,36.3
P47539,37.5
P47540,36.5
P47541,37.8
P47542,35.2
P47543,39.9
P47544,37.3
P47545,37.3
P47546,36.7
P47547,35.5
P47548,35.3
P47549,39.4
P47550,34.4
P47551,36.2
P47552,39.5
P47553,33.5
P47554,33.2
P47555,36.6
P47556,38.8
P47557,36.8
P47558,42.5
P47559,35.0
P47560,40.6
P47561,36.5
P47562,38.3
P47563,38.0
P47564,38.8
P47565,36.9
P47566,34.9
P47567,37.5
P47568,36.0
P47569,36.9
P47570,38.8
P47571,35.8
P47572,35.0
P47573,39.6
P47574,39.7
P47575,34.4
P47576,34.0
P47577,38.9
P47578,42.7
P47579,41.2
P47580,35.8
P47581,39.9
P47582,37.1
P47583,35.2
P47584,38.4
P47585,34.9
P47586,38.4
P47587,35.7
P47588,39.5
P47589,38.4
P47590,39.6
P47591,39.7
P47592,38.6
P47593,40.4
P47594,39.9
P47595,38.8
P47596,36.1
P47597,36.7
P47598,34.4
P47599,34.2
P47600,38.2
P47601,34.0
P47602,34.6
P47603,39.2
P47604,36.0
P47605,38.7
P47606,40.5
P47607,36.6
P47608,36.0
P47609,37.0
P47610,37.0
P47611,38.0
P47612,38.7
P47613,38.0
P47614,33.7
P47615,39.8
P47616,40.7
P47617,32.1
P47618,38.5
P47619,35.2
P47620,41.3
P47621,38.4
P47622,35.4
P47623,41.0
P47624,39.4
P47625,40.6
P47626,40.7
P47627,36.4
P47628,35.0
P47629,36.9
P47630,40.8
P47631,34.7
P47632,40.4
P47633,39.8
P47634,37.5
P47635,37.5
P47636,35.7
P47637,34.6
P47638,39.5
P47639,40.2
P47640,40.7
P47641,38.5
P47642,39.7
P47643,40.8
P47644,37.5
P47645,36.9
P47646,39.6
P47647,34.6
P47648,41.5
P47649,34.2
P47650,38.5
P47651,35.3
P47652,37.3
P47653,33.8
P47654,36.9
P47655,31.9
P47656,38.5
P47657,37.9
P47658,36.8
P47659,34.9
P47660,39.7
P47661,35.3
P47662,34.6
P47663,36.7
P47664,39.2
P47665,39.7
P47666,39.7
P47667,39.1
P47668,31.0
P47669,34.4
P47670,36.5
P47671,40.3
P47672,38.4
P47673,38.8
P47674,40.8
P47675,37.1
P47676,35.7
P47677,38.9
P47678,35.5
P47679,37.4
P47680,40.4
P47681,36.6
P47682,37.6
P47683,36.0
P47684,39.5
P47685,35.8
P47686,34.4
P47687,37.4
P47688,35.7
P47689,39.0
P47690,40.8
P47691,39.9
P47692,34.8
P47693,37.3
P47694,37.5
P47695,40.6
P47696,37.3
P47697,36.8
P47698,39.4
P47699,34.5
P47700,38.8
P47701,35.7
P47702,41.2
P47703,34.7
P47704,38.3
P47705,36.4
P47706,39.0
P47707,35.8
P47708,39.5
P47709,38.6
P47710,39.5
P47711,39.9
P47712,32.6
P47713,42.7
P47714,36.7
P47715,36.6
P47716,37.0
P47717,35.6
P47718,35.4
P47719,35.7
P47720,36.9
P47721,39.4
P47722,39.7
P47723,35.2
P47724,33.3
P47725,42.2
P47726,39.1
P47727,39.3
P47728,39.1
P47729,40.5
P47730,38.7
P47731,35.2
P47732,35.6
P47733,34.0
P47734,38.4
P47735,35.8
P47736,35.0
P47737,36.1
P47738,32.7
P47739,41.8
P47740,38.8
P47741,39.8
P47742,39.7
P47743,35.6
P47744,39.7
P47745,36.4
P47746,35.0
P47747,39.3
P47748,32.6
P47749,40.8
P47750,40.2
P47751,36.5
P47752,38.3
P47753,35.2
P47754,36.6
P47755,39.1
P47756,37.2
P47757,37.2
P47758,33.1
P47759,34.9
P47760,40.8
P47761,38.4
P47762,36.7
P47763,35.6
P47764,36.9
P47765,34.0
P47766,39.7
P47767,37.2
P47768,35.6
P47769,35.5
P47770,39.7
P47771,31.7
P47772,42.4
P47773,37.2
P47774,35.0
P47775,34.7
P47776,43.3
P47777,35.6
P47778,35.8
P47779,35.6
P47780,35.1
P47781,36.2
P47782,35.1
P47783,38.0
P47784,34.5
P47785,38.3
P47786,31.9
P47787,40.8
P47788,37.5
P47789,38.2
P47790,42.8
P47791,35.1
P47792,34.2
P47793,36.0
P47794,35.8
P47795,35.8
P47796,34.9
P47797,37.4
P47798,35.0
P47799,36.5
P47800,32.3
P47801,35.8
P47802,40.8
P47803,39.5
P47804,42.2
P47805,41.2
P47806,36.2
P47807,35.5
P47808,33.8
P47809,39.7
P47810,33.8
P47811,42.2
P47812,35.7
P47813,35.0
P47814,39.9
P47815,32.3
P47816,35.1
P47817,41.0
P47818,38.5
P47819,39.8
P47820,37.0
P47821,39.8
P47822,36.6
P47823,39.9
P47824,40.8
P47825,38.6
P47826,33.5
P47827,34.3
P47828,34.8
P47829,43.2
P47830,33.4
P47831,36.4
P47832,35.5
P47833,38.6
P47834,38.9
P47835,37.5
P47836,35.3
P47837,37.3
P47838,37.2
P47839,36.1
P47840,35.7
P47841,36.3
P47842,38.8
P47843,37.0
P47844,39.8
P47845,33.1
P47846,42.3
P47847,37.8
P47848,35.7
P47849,36.1
P47850,39.5
P47851,31.8
P47852,36.6
P47853,33.3
P47854,41.6
P47855,34.3
P47856,39.1
P47857,36.1
P47858,36.3
P47859,42.4
P47860,37.2
P47861,39.0
P47862,40.3
P47863,32.1
P47864,34.4
P47865,39.6
P47866,38.3
P47867,36.6
P47868,34.1
P47869,40.1
P47870,37.0
P47871,32.5
P47872,38.9
P47873,36.7
P47874,36.9
P47875,40.5
P47876,38.6
P47877,41.8
P47878,41.0
P47879,35.4
P47880,38.4
P47881,32.9
P47882,36.5
P47883,37.6
P47884,35.2
P47885,37.1
P47886,35.1
P47887,36.6
P47888,39.7
P47889,36.0
P47890,41.5
P47891,38.2
P47892,41.3
P47893,38.4
P47894,36.9
P47895,34.7
P47896,39.5
P47897,34.5
P47898,38.4
P47899,34.9
P47900,34.9
P47901,38.9
P47902,37.7
P47903,37.5
P47904,37.3
P47905,37.1
P47906,37.4
P47907,38.1
P47908,39.1
P47909,37.4
P47910,35.3
P47911,35.6
P47912,35.3
P47913,40.3
P47914,37.3
P47915,37.7
P47916,35.8
P47917,42.4
P47918,37.5
P47919,36.0
P47920,34.7
P47921,40.8
P47922,32.3
P47923,35.1
P47924,38.4
P47925,36.0
P47926,37.4
P47927,42.7
P47928,34.7
P47929,34.9
P47930,35.7
P47931,37.8
P47932,36.3
P47933,41.5
P47934,35.8
P47935,36.7
P47936,35.8
P47937,37.8
P47938,39.6
P47939,40.8
P47940,33.3
P47941,36.5
P47942,37.3
P47943,40.4
P47944,40.2
P47945,37.7
P47946,38.2
P47947,38.7
P47948,33.1
P47949,34.5
P47950,40.8
P47951,32.5
P47952,36.6
P47953,35.2
P47954,39.7
P47955,38.7
P47956,36.1
P47957,37.3
P47958,39.0
P47959,38.1
P47960,36.7
P47961,35.7
P47962,33.1
P47963,35.7
P47964,40.2
P47965,39.7
P47966,36.5
P47967,34.2
P47968,35.5
P47969,36.4
P47970,39.4
P47971,38.5
P47972,37.1
P47973,38.4
P47974,35.3
P47975,34.0
P47976,40.3
P47977,36.5
P47978,36.0
P47979,35.8
P47980,33.8
P47981,37.2
P47982,39.6
P47983,38.3
P47984,37.7
P47985,34.0
P47986,35.3
P47987,34.2
P47988,33.0
P47989,39.7
P47990,34.4
P47991,39.1
P47992,36.7
P47993,32.8
P47994,36.9
P47995,38.5
P47996,39.4
P47997,33.4
P47998,33.3
P47999,35.3
P48000,34.9
P48001,39.5
P48002,37.9
P48003,34.7
P48004,31.9
P48005,33.5
P48006,38.9
P48007,36.8
P48008,37.2
P48009,37.0
P48010,36.5
P48011,37.1
P48012,33.6
P48013,39.7
P48014,39.7
P48015,41.9
P48016,42.2
P48017,38.1
P48018,36.3
P48019,35.9
P48020,37.2
P48021,41.0
P48022,34.1
P48023,37.4
P48024,35.7
P48025,40.8
P48026,37.7
P48027,35.6
P48028,37.0
P48029,34.6
P48030,38.3
P48031,35.7
P48032,34.7
P48033,31.8
P48034,39.3
P48035,39.7
P48036,40.0
P48037,38.0
P48038,38.5
P48039,39.7
P48040,32.7
P48041,38.6
P48042,36.1
P48043,34.2
P48044,36.9
P48045,35.6
P48046,31.9
P48047,38.8
P48048,37.3
P48049,35.6
P48050,34.7
P48051,39.9
P48052,35.1
P48053,36.9
P48054,41.4
P48055,33.2
P48056,37.6
P48057,36.1
P48058,36.8
P48059,40.3
P48060,37.4
P48061,38.4
P48062,38.5
P48063,33.7
P48064,35.2
P48065,39.7
P48066,36.7
P48067,39.1
P48068,35.7
P48069,33.7
P48070,37.2
P48071,39.1
P48072,37.6
P48073,37.4
P48074,39.9
P48075,35.6
P48076,36.1
P48077,36.3
P48078,36.5
P48079,38.1
P48080,38.9
P48081,38.4
P48082,38.2
P48083,38.3
P48084,33.4
P48085,36.2
P48086,37.6
P48087,40.8
P48088,39.3
P48089,39.2
P48090,40.4
P48091,39.7
P48092,36.2
P48093,35.2
P48094,34.7
P48095,41.7
P48096,34.1
P48097,33.8
P48098,34.4
P48099,36.1
P48100,36.2
P48101,39.5
P48102,34.9
P48103,33.6
P48104,37.6
P48105,38.3
P48106,33.7
P48107,39.6
P48108,35.8
P48109,35.9
P48110,34.4
P48111,37.1
P48112,34.5
P48113,36.9
P48114,29.6
P48115,39.7
P48116,36.0
P48117,40.7
P48118,37.1
P48119,35.7
P48120,34.9
P48121,40.9
P48122,33.5
P48123,35.7
P48124,36.6
P48125,39.8
P48126,33.3
P48127,36.8
P48128,38.6
P48129,34.4
P48130,35.9
P48131,33.0
P48132,40.3
P48133,37.8
P48134,34.0
P48135,41.4
P48136,36.0
P48137,38.7
P48138,36.6
P48139,39.6
P48140,39.6
P48141,39.6
P48142,33.7
P48143,41.3
P48144,38.6
P48145,36.2
P48146,32.4
P48147,34.3
P48148,38.6
P48149,36.8
P48150,37.4
P48151,39.1
P48152,38.1
P48153,34.8
P48154,36.6
P48155,35.6
P48156,36.3
P48157,39.3
P48158,40.3
P48159,38.9
P48160,32.6
P48161,37.9
P48162,35.4
P48163,36.3
P48164,36.3
P48165,32.3
P48166,41.5
P48167,32.5
P48168,35.1
P48169,36.2
P48170,39.5
P48171,37.0
P48172,39.5
P48173,40.0
P48174,36.2
P48175,37.2
P48176,38.1
P48177,37.2
P48178,41.7
P48179,39.6
P48180,36.9
P48181,40.3
P48182,40.4
P48183,38.9
P48184,37.1
P48185,39.8
P48186,32.8
P48187,39.7
P48188,35.6
P48189,38.8
P48190,42.6
P48191,38.6
P48192,36.7
P48193,34.2
P48194,38.7
P48195,36.9
P48196,41.4
P48197,36.7
P48198,37.2
P48199,31.6
P48200,35.4
P48201,34.5
P48202,40.0
P48203,34.6
P48204,36.4
P48205,37.0
P48206,37.6
P48207,41.3
P48208,37.3
P48209,35.8
P48210,36.5
P48211,34.2
P48212,36.7
P48213,34.0
P48214,35.5
P48215,36.0
P48216,37.5
P48217,38.3
P48218,39.2
P48219,42.2
P48220,31.4
P48221,33.8
P48222,39.4
P48223,36.2
P48224,38.6
P48225,34.8
P48226,35.9
P48227,32.9
P48228,38.5
P48229,39.1
P48230,35.1
P48231,39.5
P48232,34.9
P48233,34.9
P48234,33.8
P48235,36.2
P48236,31.1
P48237,39.1
P48238,35.6
P48239,36.8
P48240,37.0
P48241,37.4
P48242,40.6
P48243,35.8
P48244,41.0
P48245,35.7
P48246,39.1
P48247,33.6
P48248,35.5
P48249,40.3
P48250,35.7
P48251,38.0
P48252,35.1
P48253,39.1
P48254,31.9
P48255,33.8
P48256,32.3
P48257,37.6
P48258,37.3
P48259,36.9
P48260,37.5
P48261,36.9
P48262,34.7
P48263,36.7
P48264,37.3
P48265,37.7
P48266,35.9
P48267,34.6
P48268,31.8
P48269,35.2
P48270,36.6
P48271,34.9
P48272,34.6
P48273,39.4
P48274,39.7
P48275,37.8
P48276,33.8
P48277,37.0
P48278,33.4
P48279,36.9
P48280,37.0
P48281,34.8
P48282,35.5
P48283,39.0
P48284,41.0
P48285,36.2
P48286,38.7
P48287,39.3
P48288,37.0
P48289,37.6
P48290,40.6
P48291,40.2
P48292,39.7
P48293,34.8
P48294,37.5
P48295,38.4
P48296,39.4
P48297,37.1
P48298,36.3
P48299,33.2
P48300,42.4
P48301,38.3
P48302,35.8
P48303,34.6
P48304,36.1
P48305,38.5
P48306,35.2
P48307,37.2
P48308,36.3
P48309,39.7
P48310,37.0
P48311,38.8
P48312,39.1
P48313,36.1
P48314,32.1
P48315,33.7
P48316,40.0
P48317,37.7
P48318,40.4
P48319,37.5
P48320,35.3
P48321,40.3
P48322,40.1
P48323,37.7
P48324,38.0
P48325,32.2
P48326,42.6
P48327,34.6
P48328,32.6
P48329,38.1
P48330,39.4
P48331,31.8
P48332,36.2
P48333,37.0
P48334,39.7
P48335,36.6
P48336,37.4
P48337,39.9
P48338,35.9
P48339,38.8
P48340,39.7
P48341,33.8
P48342,34.8
P48343,33.2
P48344,39.7
P48345,37.9
P48346,38.5
P48347,37.7
P48348,35.2
P48349,34.6
P48350,35.8
P48351,35.4
P48352,37.8
P48353,37.6
P48354,36.3
P48355,38.3
P48356,33.3
P48357,34.2
P48358,33.6
P48359,37.6
P48360,35.3
P48361,32.9
P48362,35.3
P48363,39.6
P48364,38.0
P48365,36.3
P48366,35.6
P48367,38.3
P48368,34.5
P48369,36.2
P48370,33.5
P48371,36.3
P48372,38.3
P48373,36.8
P48374,43.7
P48375,33.3
P48376,40.4
P48377,35.8
P48378,35.7
P48379,41.0
P48380,39.6
P48381,35.9
P48382,37.6
P48383,35.6
P48384,32.8
P48385,37.7
P48386,37.2
P48387,36.9
P48388,37.1
P48389,35.1
P48390,36.2
P48391,36.2
P48392,33.4
P48393,37.5
P48394,39.9
P48395,36.3
P48396,41.3
P48397,35.6
P48398,38.8
P48399,35.9
P48400,35.9
P48401,39.8
P48402,35.8
P48403,39.1
P48404,33.7
P48405,36.7
P48406,32.1
P48407,38.5
P48408,36.1
P48409,33.0
P48410,42.3
P48411,38.1
P48412,36.7
P48413,39.9
P48414,36.9
P48415,39.4
P48416,38.8
P48417,38.4
P48418,33.8
P48419,36.9
P48420,34.3
P48421,33.5
P48422,35.1
P48423,37.2
P48424,36.6
P48425,38.4
P48426,36.8
P48427,39.2
P48428,36.9
P48429,42.4
P48430,35.8
P48431,35.9
P48432,38.1
P48433,37.5
P48434,36.8
P48435,35.4
P48436,36.8
P48437,35.4
P48438,36.5
P48439,37.6
P48440,35.0
P48441,40.9
P48442,35.2
P48443,39.6
P48444,36.6
P48445,38.6
P48446,39.7
P48447,40.8
P48448,31.3
P48449,33.2
P48450,39.6
P48451,40.5
P48452,36.7
P48453,40.0
P48454,34.2
P48455,40.0
P48456,34.7
P48457,36.7
P48458,37.1
P48459,40.6
P48460,36.2
P48461,37.0
P48462,33.3
P48463,35.7
P48464,39.2
P48465,32.7
P48466,35.1
P48467,36.8
P48468,40.8
P48469,41.0
P48470,38.7
P48471,38.8
P48472,35.3
P48473,36.5
P48474,37.7
P48475,33.8
P48476,36.4
P48477,33.2
P48478,38.4
P48479,40.7
P48480,39.8
P48481,36.2
P48482,33.3
P48483,41.6
P48484,36.5
P48485,36.9
P48486,36.4
P48487,37.6
P48488,40.2
P48489,34.3
P48490,38.5
P48491,36.8
P48492,37.8
P48493,33.8
P48494,33.8
P48495,36.9
P48496,38.3
P48497,38.2
P48498,40.6
P48499,36.5
P48500,38.3
P48501,39.7
P48502,39.2
P48503,33.3
P48504,38.7
P48505,35.6
P48506,34.5
P48507,33.3
P48508,38.8
P48509,37.2
P48510,37.8
P48511,36.3
P48512,36.8
P48513,38.2
P48514,36.6
P48515,35.7
P48516,34.2
P48517,36.4
P48518,41.9
P48519,35.6
P48520,39.7
P48521,37.3
P48522,31.8
P48523,39.4
P48524,34.3
P48525,36.3
P48526,38.9
P48527,36.2
P48528,38.1
P48529,37.3
P48530,33.2
P48531,42.2
P48532,38.4
P48533,39.0
P48534,41.3
P48535,33.8
P48536,37.2
P48537,39.9
P48538,37.1
P48539,39.9
P48540,37.7
P48541,39.7
P48542,35.9
P48543,35.2
P48544,39.1
P48545,37.2
P48546,34.7
P48547,32.0
P48548,32.0
P48549,37.4
P48550,34.4
P48551,35.3
P48552,37.4
P48553,34.7
P48554,36.2
P48555,37.6
P48556,36.3
P48557,34.7
P48558,35.7
P48559,36.9
P48560,34.7
P48561,38.2
P48562,34.5
P48563,34.7
P48564,37.9
P48565,37.1
P48566,34.2
P48567,34.4
P48568,39.7
P48569,39.5
P48570,35.5
P48571,37.8
P48572,31.1
P48573,39.1
P48574,37.9
P48575,36.5
P48576,41.0
P48577,35.6
P48578,35.6
P48579,36.6
P48580,32.8
P48581,37.5
P48582,36.4
P48583,35.1
P48584,37.3
P48585,35.5
P48586,35.4
P48587,38.4
P48588,37.5
P48589,38.0
P48590,37.2
P48591,37.2
P48592,35.1
P48593,36.4
P48594,38.5
P48595,35.5
P48596,36.9
P48597,39.1
P48598,39.4
P48599,39.1
P48600,36.8
P48601,35.6
P48602,37.6
P48603,35.5
P48604,36.9
P48605,35.3
P48606,36.2
P48607,39.9
P48608,40.8
P48609,33.8
P48610,37.2
P48611,38.8
P48612,39.6
P48613,37.6
P48614,35.7
P48615,36.0
P48616,35.3
P48617,37.1
P48618,39.2
P48619,39.8
P48620,36.9
P48621,38.0
P48622,37.6
P48623,33.4
P48624,37.7
P48625,35.5
P48626,36.0
P48627,34.3
P48628,32.1
P48629,41.1
P48630,33.4
P48631,38.3
P48632,39.9
P48633,35.7
P48634,35.1
P48635,40.1
P48636,35.5
P48637,41.5
P48638,33.0
P48639,38.3
P48640,37.7
P48641,40.3
P48642,36.2
P48643,36.7
P48644,42.6
P48645,39.5
P48646,39.5
P48647,35.2
P48648,38.7
P48649,34.0
P48650,33.7
P48651,35.5
P48652,36.3
P48653,42.7
P48654,35.9
P48655,35.9
P48656,36.8
P48657,41.3
P48658,35.8
P48659,37.3
P48660,40.8
P48661,35.6
P48662,36.4
P48663,39.3
P48664,40.3
P48665,37.7
P48666,37.9
P48667,41.0
P48668,36.9
P48669,33.4
P48670,35.5
P48671,35.9
P48672,33.0
P48673,37.5
P48674,37.0
P48675,39.3
P48676,42.2
P48677,35.5
P48678,37.6
P48679,38.0
P48680,39.7
P48681,37.5
P48682,39.0
P48683,38.8
P48684,35.5
P48685,35.3
P48686,31.9
P48687,35.0
P48688,34.7
P48689,33.3
P48690,37.4
P48691,36.7
P48692,39.9
P48693,35.8
P48694,39.7
P48695,37.0
P48696,39.4
P48697,38.0
P48698,36.8
P48699,43.3
P48700,34.0
P48701,31.9
P48702,40.4
P48703,34.0
P48704,33.9
P48705,37.5
P48706,39.7
P48707,34.8
P48708,38.8
P48709,36.6
P48710,39.3
P48711,34.4
P48712,33.4
P48713,38.5
P48714,32.1
P48715,34.5
P48716,35.2
P48717,34.0
P48718,37.1
P48719,30.2
P48720,41.4
P48721,40.3
P48722,40.7
P48723,36.6
P48724,33.7
P48725,36.1
P48726,34.9
P48727,35.4
P48728,36.2
P48729,33.8
P48730,34.1
P48731,36.8
P48732,39.5
P48733,35.5
P48734,39.3
P48735,35.3
P48736,39.2
P48737,34.1
P48738,36.1
P48739,39.7
P48740,36.6
P48741,39.1
P48742,40.7
P48743,34.9
P48744,38.6
P48745,33.7
P48746,38.3
P48747,37.7
P48748,35.0
P48749,35.9
P48750,38.9
P48751,39.5
P48752,38.0
P48753,39.7
P48754,37.4
P48755,34.3
P48756,39.7
P48757,33.6
P48758,35.2
P48759,36.0
P48760,36.1
P48761,38.9
P48762,39.6
P48763,38.7
P48764,38.6
P48765,35.8
P48766,36.4
P48767,39.4
P48768,36.2
P48769,38.3
P48770,41.7
P48771,35.2
P48772,38.3
P48773,36.5
P48774,37.1
P48775,36.1
P48776,42.4
P48777,32.9
P48778,38.3
P48779,38.5
P48780,37.1
P48781,39.9
P48782,36.2
P48783,36.5
P48784,34.4
P48785,42.8
P48786,35.2
P48787,36.6
P48788,37.6
P48789,36.4
P48790,39.4
P48791,38.6
P48792,39.3
P48793,39.7
P48794,39.1
P48795,38.1
P48796,41.4
P48797,43.0
P48798,39.1
P48799,36.5
P48800,34.8
P48801,35.2
P48802,37.0
P48803,39.7
P48804,34.8
P48805,37.7
P48806,35.8
P48807,37.5
P48808,37.3
P48809,32.5
P48810,39.7
P48811,39.5
P48812,34.5
P48813,37.5
P48814,33.3
P48815,38.8
P48816,35.9
P48817,36.6
P48818,37.1
P48819,30.6
P48820,34.6
P48821,37.4
P48822,38.8
P48823,34.9
P48824,39.5
P48825,34.8
P48826,40.3
P48827,40.6
P48828,39.9
P48829,38.0
P48830,35.9
P48831,42.5
P48832,37.4
P48833,31.2
P48834,38.2
P48835,32.5
P48836,35.5
P48837,32.4
P48838,39.7
P48839,35.1
P48840,35.7
P48841,38.8
P48842,36.6
P48843,34.2
P48844,36.9
P48845,36.0
P48846,37.7
P48847,39.6
P48848,33.7
P48849,36.6
P48850,34.9
P48851,35.2
P48852,34.7
P48853,42.2
P48854,37.0
P48855,39.7
P48856,41.1
P48857,41.7
P48858,37.2
P48859,40.9
P48860,40.2
P48861,38.4
P48862,35.3
P48863,40.1
P48864,32.8
P48865,35.9
P48866,36.6
P48867,33.9
P48868,41.1
P48869,35.0
P48870,37.4
P48871,39.4
P48872,36.2
P48873,37.3
P48874,38.0
P48875,37.1
P48876,34.7
P48877,40.6
P48878,37.3
P48879,38.1
P48880,32.8
P48881,37.5
P48882,38.3
P48883,34.7
P48884,39.0
P48885,39.0
P48886,40.5
P48887,39.8
P48888,38.8
P48889,40.8
P48890,42.1
P48891,36.0
P48892,34.8
P48893,34.0
P48894,35.9
P48895,39.7
P48896,33.3
P48897,37.7
P48898,38.1
P48899,35.4
P48900,35.8
P48901,37.1
P48902,32.9
P48903,39.6
P48904,35.6
P48905,38.9
P48906,34.6
P48907,34.6
P48908,34.3
P48909,33.6
P48910,36.1
P48911,37.6
P48912,33.8
P48913,35.5
P48914,37.6
P48915,39.9
P48916,34.7
P48917,37.6
P48918,35.0
P48919,37.6
P48920,35.1
P48921,35.3
P48922,34.4
P48923,35.1
P48924,32.3
P48925,37.5
P48926,36.1
P48927,32.6
P48928,35.1
P48929,37.1
P48930,38.5
P48931,39.3
P48932,42.5
P48933,37.4
P48934,36.5
P48935,39.3
P48936,38.0
P48937,38.0
P48938,40.8
P48939,35.2
P48940,33.4
P48941,38.3
P48942,34.5
P48943,38.8
P48944,40.4
P48945,36.2
P48946,33.1
P48947,36.9
P48948,38.9
P48949,36.6
P48950,38.1
P48951,36.3
P48952,33.5
P48953,33.8
P48954,35.6
P48955,35.8
P48956,38.8
P48957,34.6
P48958,36.2
P48959,35.8
P48960,36.3
P48961,37.3
P48962,37.0
P48963,35.4
P48964,39.8
P48965,34.2
P48966,40.3
P48967,38.0
P48968,38.9
P48969,36.5
P48970,37.6
P48971,37.5
P48972,38.9
P48973,38.1
P48974,34.4
P48975,38.8
P48976,39.1
P48977,37.7
P48978,35.5
P48979,38.1
P48980,34.7
P48981,34.7
P48982,41.1
P48983,39.4
P48984,39.7
P48985,39.4
P48986,37.5
P48987,39.6
P48988,33.3
P48989,34.4
P48990,39.3
P48991,34.6
P48992,33.8
P48993,38.1
P48994,40.4
P48995,39.8
P48996,37.2
P48997,38.0
P48998,35.8
P48999,34.2
P49000,41.5
P49001,32.1
P49002,38.0
P49003,35.7
P49004,38.1
P49005,38.6
P49006,38.5
P49007,40.2
P49008,36.7
P49009,33.1
P49010,38.5
P49011,36.2
P49012,35.9
P49013,33.8
P49014,39.6
P49015,38.4
P49016,38.0
P49017,39.7
P49018,37.1
P49019,34.7
P49020,34.5
P49021,37.0
P49022,36.8
P49023,33.0
P49024,38.1
P49025,35.9
P49026,37.4
P49027,33.7
P49028,37.0
P49029,38.9
P49030,38.7
P49031,35.2
P49032,39.7
P49033,35.3
P49034,34.2
P49035,36.3
P49036,40.8
P49037,40.2
P49038,33.2
P49039,38.4
P49040,35.5
P49041,36.3
P49042,33.8
P49043,37.0
P49044,35.8
P49045,36.3
P49046,33.2
P49047,34.9
P49048,39.0
P49049,35.5
P49050,37.0
P49051,37.3
P49052,37.0
P49053,37.5
P49054,36.6
P49055,33.0
P49056,36.0
P49057,40.8
P49058,33.9
P49059,36.9
P49060,36.0
P49061,39.2
P49062,37.5
P49063,38.5
P49064,36.7
P49065,36.1
P49066,38.3
P49067,40.7
P49068,38.9
P49069,32.2
P49070,35.6
P49071,36.6
P49072,41.2
P49073,36.2
P49074,35.2
P49075,34.2
P49076,35.3
P49077,34.1
P49078,40.5
P49079,41.3
P49080,39.1
P49081,40.8
P49082,39.6
P49083,39.1
P49084,37.4
P49085,38.5
P49086,37.2
P49087,38.7
P49088,40.6
P49089,39.1
P49090,31.9
P49091,33.1
P49092,34.4
P49093,35.0
P49094,38.6
P49095,40.5
P49096,38.4
P49097,40.8
P49098,40.5
P49099,34.4
P49100,33.5
P49101,40.0
P49102,39.4
P49103,33.9
P49104,37.1
P49105,33.0
P49106,37.3
P49107,40.5
P49108,39.5
P49109,35.5
P49110,37.6
P49111,40.4
P49112,32.2
P49113,37.5
P49114,37.0
P49115,39.0
P49116,40.5
P49117,39.3
P49118,38.8
P49119,37.7
P49120,37.3
P49121,34.3
P49122,36.9
P49123,37.8
P49124,36.5
P49125,38.9
P49126,31.8
P49127,36.5
P49128,34.3
P49129,39.7
P49130,38.5
P49131,37.6
P49132,36.7
P49133,39.1
P49134,33.1
P49135,31.3
P49136,36.9
P49137,39.9
P49138,36.3
P49139,39.7
P49140,34.7
P49141,32.5
P49142,36.8
P49143,34.5
P49144,38.8
P49145,35.2
P49146,40.8
P49147,38.8
P49148,37.2
P49149,37.5
P49150,38.2
P49151,40.2
P49152,38.0
P49153,40.4
P49154,32.9
P49155,33.2
P49156,39.6
P49157,34.8
P49158,39.7
P49159,40.4
P49160,35.8
P49161,36.4
P49162,37.4
P49163,40.2
P49164,33.0
P49165,42.4
P49166,35.5
P49167,33.4
P49168,40.8
P49169,37.8
P49170,36.3
P49171,40.3
P49172,39.4
P49173,34.4
P49174,37.4
P49175,37.5
P49176,40.2
P49177,37.3
P49178,38.6
P49179,35.7
P49180,36.9
P49181,36.9
P49182,38.2
P49183,37.0
P49184,36.1
P49185,37.3
P49186,42.7
P49187,35.3
P49188,37.5
P49189,34.8
P49190,37.2
P49191,36.2
P49192,41.7
P49193,34.0
P49194,36.7
P49195,35.1
P49196,33.7
P49197,34.0
P49198,36.2
P49199,34.8
P49200,38.3
P49201,34.0
P49202,38.4
P49203,36.3
P49204,38.2
P49205,40.9
P49206,39.5
P49207,37.2
P49208,35.1
P49209,36.0
P49210,39.7
P49211,39.0
P49212,38.6
P49213,39.4
P49214,35.8
P49215,35.9
P49216,35.8
P49217,38.0
P49218,33.0
P49219,34.0
P49220,41.2
P49221,35.5
P49222,37.4
P49223,36.0
P49224,38.1
P49225,36.3
P49226,34.0
P49227,36.5
P49228,35.3
P49229,33.3
P49230,37.2
P49231,40.1
P49232,36.6
P49233,38.2
P49234,38.6
P49235,39.1
P49236,43.6
P49237,36.0
P49238,40.6
P49239,36.1
P49240,41.4
P49241,34.7
P49242,38.2
P49243,37.6
P49244,36.1
P49245,41.8
P49246,37.9
P49247,39.7
P49248,40.5
P49249,32.9
P49250,38.0
P49251,37.8
P49252,33.8
P49253,36.1
P49254,39.2
P49255,42.6
P49256,36.9
P49257,41.2
P49258,34.2
P49259,39.5
P49260,39.6
P49261,39.8
P49262,39.1
P49263,38.1
P49264,37.6
P49265,37.8
P49266,32.7
P49267,39.1
P49268,37.1
P49269,36.7
P49270,36.1
P49271,35.5
P49272,39.4
P49273,39.6
P49274,41.6
P49275,35.8
P49276,37.7
P49277,39.1
P49278,34.4
P49279,36.1
P49280,37.4
P49281,40.2
P49282,36.0
P49283,39.5
P49284,36.1
P49285,38.6
P49286,32.2
P49287,35.1
P49288,38.1
P49289,35.5
P49290,36.6
P49291,34.2
P49292,37.4
P49293,31.2
P49294,35.3
P49295,35.3
P49296,35.2
P49297,36.3
P49298,32.2
P49299,41.1
P49300,33.0
P49301,33.3
P49302,37.7
P49303,40.2
P49304,38.7
P49305,35.3
P49306,36.8
P49307,36.2
P49308,40.9
P49309,31.7
P49310,37.3
P49311,40.2
P49312,40.0
P49313,36.4
P49314,38.1
P49315,35.5
P49316,36.0
P49317,38.1
P49318,31.2
P49319,37.6
P49320,39.0
P49321,37.3
P49322,39.1
P49323,37.5
P49324,40.2
P49325,36.2
P49326,40.7
P49327,35.0
P49328,36.0
P49329,37.2
P49330,35.1
P49331,31.4
P49332,33.7
P49333,41.1
P49334,39.4
P49335,37.6
P49336,42.7
P49337,34.6
P49338,39.2
P49339,33.7
P49340,35.1
P49341,36.0
P49342,37.6
P49343,37.8
P49344,36.0
P49345,36.3
P49346,34.3
P49347,32.9
P49348,39.5
P49349,35.7
P49350,36.4
P49351,37.4
P49352,36.3
P49353,36.2
P49354,37.6
P49355,35.8
P49356,39.7
P49357,35.7
P49358,37.5
P49359,36.7
P49360,38.0
P49361,37.8
P49362,36.0
P49363,36.4
P49364,35.2
P49365,41.2
P49366,40.1
P49367,36.4
P49368,34.3
P49369,39.6
P49370,32.2
P49371,40.3
P49372,36.6
P49373,40.8
P49374,34.7
P49375,35.2
P49376,34.7
P49377,36.5
P49378,39.9
P49379,34.5
P49380,41.2
P49381,36.9
P49382,38.8
P49383,37.4
P49384,34.6
P49385,35.4
P49386,36.7
P49387,34.3
P49388,38.0
P49389,41.7
P49390,40.8
P49391,37.4
P49392,37.6
P49393,33.4
P49394,35.0
P49395,33.6
P49396,38.0
P49397,32.4
P49398,38.5
P49399,39.1
P49400,36.4
P49401,39.4
P49402,41.5
P49403,35.6
P49404,35.0
P49405,38.4
P49406,38.8
P49407,39.5
P49408,35.8
P49409,37.1
P49410,39.6
P49411,35.0
P49412,35.7
P49413,37.0
P49414,36.4
P49415,35.8
P49416,39.9
P49417,35.2
P49418,36.7
P49419,40.4
P49420,38.9
P49421,33.7
P49422,36.5
P49423,36.2
P49424,33.4
P49425,41.1
P49426,38.8
P49427,36.8
P49428,37.9
P49429,39.2
P49430,37.5
P49431,34.9
P49432,38.0
P49433,37.1
P49434,39.1
P49435,39.9
P49436,42.9
P49437,39.9
P49438,41.5
P49439,37.1
P49440,35.1
P49441,34.0
P49442,33.7
P49443,35.6
P49444,37.0
P49445,38.0
P49446,37.3
P49447,35.1
P49448,39.7
P49449,40.5
P49450,37.6
P49451,34.8
P49452,39.7
P49453,37.6
P49454,35.5
P49455,39.0
P49456,36.7
P49457,38.7
P49458,35.7
P49459,35.2
P49460,36.8
P49461,39.7
P49462,37.4
P49463,37.3
P49464,38.3
P49465,35.3
P49466,36.9
P49467,38.1
P49468,38.4
P49469,34.9
P49470,34.8
P49471,36.5
P49472,35.9
P49473,32.8
P49474,39.1
P49475,36.5
P49476,40.6
P49477,36.5
P49478,40.9
P49479,39.9
P49480,36.7
P49481,39.7
P49482,36.9
P49483,33.0
P49484,33.1
P49485,38.9
P49486,37.8
P49487,38.8
P49488,40.9
P49489,39.8
P49490,34.4
P49491,37.5
P49492,37.2
P49493,35.5
P49494,35.3
P49495,36.4
P49496,36.9
P49497,41.0
P49498,34.2
P49499,35.6
P49500,37.1
P49501,39.8
P49502,36.1
P49503,39.5
P49504,39.9
P49505,34.3
P49506,38.2
P49507,34.3
P49508,33.9
P49509,33.6
P49510,37.5
P49511,29.7
P49512,39.8
P49513,34.8
P49514,35.2
P49515,40.5
P49516,37.1
P49517,41.1
P49518,37.8
P49519,41.1
P49520,38.7
P49521,38.1
P49522,36.8
P49523,38.1
P49524,41.6
P49525,41.0
P49526,38.4
P49527,37.7
P49528,37.6
P49529,36.1
P49530,39.7
P49531,39.6
P49532,39.9
P49533,40.1
P49534,35.6
P49535,34.0
P49536,35.8
P49537,37.6
P49538,41.5
P49539,37.6
P49540,32.6
P49541,42.9
P49542,37.3
P49543,39.3
P49544,39.4
P49545,39.6
P49546,36.1
P49547,38.4
P49548,39.8
P49549,39.7
P49550,37.1
P49551,39.4
P49552,35.6
P49553,34.7
P49554,34.4
P49555,41.2
P49556,40.0
P49557,36.4
P49558,38.7
P49559,37.3
P49560,39.7
P49561,35.7
P49562,33.2
P49563,40.7
P49564,37.0
P49565,36.7
P49566,39.8
P49567,33.7
P49568,36.8
P49569,40.9
P49570,40.4
P49571,36.3
P49572,41.6
P49573,36.1
P49574,34.1
P49575,39.5
P49576,38.7
P49577,36.9
P49578,34.3
P49579,37.4
P49580,39.5
P49581,35.8
P49582,39.3
P49583,36.3
P49584,41.5
P49585,41.9
P49586,34.7
P49587,38.2
P49588,35.4
P49589,35.8
P49590,33.7
P49591,39.6
P49592,39.2
P49593,33.5
P49594,37.5
P49595,35.4
P49596,39.5
P49597,38.0
P49598,34.3
P49599,35.0
P49600,39.5
P49601,33.9
P49602,32.4
P49603,38.1
P49604,35.5
P49605,37.6
P49606,35.3
P49607,36.1
P49608,40.7
P49609,37.5
P49610,39.7
P49611,35.4
P49612,39.5
P49613,37.4
P49614,37.1
P49615,37.1
P49616,41.9
P49617,36.6
P49618,38.2
P49619,36.4
P49620,37.3
P49621,36.9
P49622,34.4
P49623,37.7
P49624,40.9
P49625,36.9
P49626,36.3
P49627,38.8
P49628,39.7
P49629,41.2
P49630,35.2
P49631,37.6
P49632,34.3
P49633,35.1
P49634,39.1
P49635,38.0
P49636,34.0
P49637,38.1
P49638,33.0
P49639,35.1
P49640,37.6
P49641,34.9
P49642,37.7
P49643,36.6
P49644,39.7
P49645,39.1
P49646,40.6
P49647,36.9
P49648,36.6
P49649,36.5
P49650,36.0
P49651,36.6
P49652,33.8
P49653,39.1
P49654,35.9
P49655,37.4
P49656,35.1
P49657,37.5
P49658,37.4
P49659,32.5
P49660,39.3
P49661,39.4
P49662,37.8
P49663,36.6
P49664,36.2
P49665,35.2
P49666,35.7
P49667,36.8
P49668,35.6
P49669,36.6
P49670,33.4
P49671,35.2
P49672,36.8
P49673,33.4
P49674,36.5
P49675,39.1
P49676,38.5
P49677,35.0
P49678,35.8
P49679,35.7
P49680,35.8
P49681,38.6
P49682,35.9
P49683,32.8
P49684,37.5
P49685,34.4
P49686,33.3
P49687,39.6
P49688,39.4
P49689,38.7
P49690,39.6
P49691,33.5
P49692,36.9
P49693,38.8
P49694,42.4
P49695,34.3
P49696,40.0
P49697,33.7
P49698,35.9
P49699,39.5
P49700,36.6
P49701,39.7
P49702,38.8
P49703,39.5
P49704,30.7
P49705,37.2
P49706,38.1
P49707,38.2
P49708,39.3
P49709,43.0
P49710,37.3
P49711,32.7
P49712,34.2
P49713,34.9
P49714,39.9
P49715,35.3
P49716,39.9
P49717,39.7
P49718,33.8
P49719,38.2
P49720,40.5
P49721,37.8
P49722,37.5
P49723,36.8
P49724,36.5
P49725,33.1
P49726,36.0
P49727,35.6
P49728,35.1
P49729,37.6
P49730,40.3
P49731,40.0
P49732,37.0
P49733,36.0
P49734,35.6
P49735,36.2
P49736,39.7
P49737,39.0
P49738,32.7
P49739,36.6
P49740,37.5
P49741,37.4
P49742,34.0
P49743,38.3
P49744,36.2
P49745,35.9
P49746,33.4
P49747,36.0
P49748,36.1
P49749,37.2
P49750,39.0
P49751,32.7
P49752,36.9
P49753,36.6
P49754,31.9
P49755,36.9
P49756,34.5
P49757,36.1
P49758,39.8
P49759,35.8
P49760,34.4
P49761,36.8
P49762,40.7
P49763,34.2
P49764,39.2
P49765,38.5
P49766,36.9
P49767,34.8
P49768,36.3
P49769,38.8
P49770,36.5
P49771,38.0
P49772,35.1
P49773,36.9
P49774,37.7
P49775,36.1
P49776,38.5
P49777,32.7
P49778,35.5
P49779,34.1
P49780,39.5
P49781,40.9
P49782,38.8
P49783,39.5
P49784,37.3
P49785,33.2
P49786,33.8
P49787,37.2
P49788,35.0
P49789,40.0
P49790,37.6
P49791,36.5
P49792,35.4
P49793,34.1
P49794,40.5
P49795,38.9
P49796,40.4
P49797,34.4
P49798,35.5
P49799,35.0
P49800,40.5
P49801,39.7
P49802,35.8
P49803,33.2
P49804,39.4
P49805,37.5
P49806,36.7
P49807,35.6
P49808,40.4
P49809,35.2
P49810,36.6
P49811,36.5
P49812,35.5
P49813,37.7
P49814,36.3
P49815,38.2
P49816,36.5
P49817,41.5
P49818,38.4
P49819,34.9
P49820,39.4
P49821,31.8
P49822,34.0
P49823,38.8
P49824,35.6
P49825,38.8
P49826,40.9
P49827,35.1
P49828,40.2
P49829,39.4
P49830,40.2
P49831,41.8
P49832,34.6
P49833,34.9
P49834,37.3
P49835,35.3
P49836,37.7
P49837,37.1
P49838,37.4
P49839,34.6
P49840,40.2
P49841,32.5
P49842,33.9
P49843,37.4
P49844,33.5
P49845,42.7
P49846,33.7
P49847,38.3
P49848,40.9
P49849,35.7
P49850,35.4
P49851,35.7
P49852,31.1
P49853,40.2
P49854,34.9
P49855,40.8
P49856,39.2
P49857,40.6
P49858,34.8
P49859,35.6
P49860,33.1
P49861,39.5
P49862,37.2
P49863,33.7
P49864,38.4
P49865,36.6
P49866,35.1
P49867,32.1
P49868,34.6
P49869,38.9
P49870,39.7
P49871,38.8
P49872,34.1
P49873,40.8
P49874,38.6
P49875,35.9
P49876,36.7
P49877,32.2
P49878,35.1
P49879,34.7
P49880,34.0
P49881,35.0
P49882,35.2
P49883,37.5
P49884,34.2
P49885,36.9
P49886,35.5
P49887,35.5
P49888,35.2
P49889,39.4
P49890,41.3
P49891,34.7
P49892,38.3
P49893,35.7
P49894,36.1
P49895,33.7
P49896,34.4
P49897,38.1
P49898,35.7
P49899,31.8
P49900,35.5
P49901,34.6
P49902,35.8
P49903,35.1
P49904,38.0
P49905,37.6
P49906,38.3
P49907,33.2
P49908,33.4
P49909,38.8
P49910,35.2
P49911,40.8
P49912,37.7
P49913,38.2
P49914,35.7
P49915,38.1
P49916,38.6
P49917,34.6
P49918,43.3
P49919,40.5
P49920,36.1
P49921,33.4
P49922,37.0
P49923,36.0
P49924,35.4
P49925,35.1
P49926,33.4
P49927,35.2
P49928,40.5
P49929,35.7
P49930,36.7
P49931,37.6
P49932,38.2
P49933,37.5
P49934,34.2
P49935,38.7
P49936,33.8
P49937,36.3
P49938,35.1
P49939,36.5
P49940,35.7
P49941,37.4
P49942,38.5
P49943,35.2
P49944,39.9
P49945,36.1
P49946,39.3
P49947,36.7
P49948,35.5
P49949,35.0
P49950,38.0
P49951,37.5
P49952,33.9
P49953,36.2
P49954,40.3
P49955,36.9
P49956,37.2
P49957,36.9
P49958,38.6
P49959,39.6
P49960,39.7
P49961,33.3
P49962,33.0
P49963,39.4
P49964,36.1
P49965,42.9
P49966,32.3
P49967,37.9
P49968,38.9
P49969,36.8
P49970,43.5
P49971,42.7
P49972,36.2
P49973,33.5
P49974,35.6
P49975,32.6
P49976,36.4
P49977,32.6
P49978,39.6
P49979,39.1
P49980,41.2
P49981,40.8
P49982,37.4
P49983,35.2
P49984,36.1
P49985,40.4
P49986,37.6
P49987,40.6
P49988,35.4
P49989,39.6
P49990,38.2
P49991,35.9
P49992,37.4
P49993,37.5
P49994,38.4
P49995,38.5
P49996,35.8
P49997,39.6
P49998,35.6
P49999,35.1
P50000,37.3
